Model,MSE,MAE
RNN1,26.38013252844664,4.28458725501751
RNN2,92.45833412751367,7.787673476646683
GRU1,25.664502607269107,4.174906132139008
GRU2,29.9749998951146,4.354116505589978
LSTM1,37.05953108812721,4.697051633637526
LSTM2,75.60951954067907,6.635070485082165
